anio,pct_graves_hist,region,tipo,total_casos,crecimiento_pct,graves_proyectados,pct_graves
2026,0.010460842521911224,Valledupar,prediccion,593,3.0,6,1.01
2027,0.010460842521911224,Valledupar,prediccion,611,3.0,6,0.98
2028,0.010460842521911224,Valledupar,prediccion,629,3.0,7,1.11
2029,0.010460842521911224,Valledupar,prediccion,648,3.0,7,1.08
2030,0.010460842521911224,Valledupar,prediccion,668,3.0,7,1.05
